experiment,quantization,lora_r,train_time_sec,total_time_sec,energy_wh,eval_loss,perplexity,peak_allocated_mb,peak_reserved_mb
fp16_lora,fp16,8,112450.78436207771,112484.07785487175,0.0,0.3951752185821533,1.4846443054019978,15807.41357421875,15904.0
nf4_r16,nf4,16,6903.383351564407,6944.5102117061615,0.0,0.38509929180145264,1.4697602493391628,5034.82373046875,5198.0
nf4_r32,nf4,32,8121.036484241486,8155.224086999893,0.0,0.3807021677494049,1.4633117190798315,9217.9716796875,9760.0
nf4_r8,nf4,8,6582.197673082352,6617.933867931366,0.0,0.3939625918865204,1.4828450772002975,9296.271484375,9798.0
